<?xml version="1.0" encoding="UTF-8"?>
<beans xmlns="http://www.springframework.org/schema/beans" xmlns:xsi="http://www.w3.org/2001/XMLSchema-instance"
       xmlns:aop="http://www.springframework.org/schema/aop"
       xmlns:context="http://www.springframework.org/schema/context"
       xmlns:jdbc="http://www.springframework.org/schema/jdbc" xmlns:tx="http://www.springframework.org/schema/tx"
       xsi:schemaLocation="
		http://www.springframework.org/schema/beans http://www.springframework.org/schema/beans/spring-beans-4.0.xsd
		http://www.springframework.org/schema/aop http://www.springframework.org/schema/aop/spring-aop-4.0.xsd
		http://www.springframework.org/schema/context http://www.springframework.org/schema/context/spring-context-4.0.xsd
		http://www.springframework.org/schema/jdbc http://www.springframework.org/schema/jdbc/spring-jdbc-4.0.xsd
		http://www.springframework.org/schema/tx http://www.springframework.org/schema/tx/spring-tx-4.0.xsd"
       default-lazy-init="true">

    <description>系统全局配置</description>

    <!-- 用于处于相同spring容器上下文的执行程序代码块中获取相关属性值 -->
    <!--<bean id="bigChainDBSql" class="com.hiat.xchain.core.bigchaindb.BigChainDBSql">-->
        <!--<property name="apppath" value="http://114.55.171.39:9984/api/v1"/>-->
    <!--</bean>-->

    <import resource="classpath:spring/spring-jedis-standlone.xml"/>
    <import resource="classpath:spring/spring-jedis-redisson.xml"/>
    <import resource="classpath:spring/spring-ehcache.xml"/>
    <import resource="classpath:spring/spring-service.xml"/>

</beans>