<?xml version="1.0" encoding="UTF-8"?>
<beans xmlns="http://www.springframework.org/schema/beans" xmlns:xsi="http://www.w3.org/2001/XMLSchema-instance"
	xmlns:context="http://www.springframework.org/schema/context" xsi:schemaLocation="
		http://www.springframework.org/schema/beans http://www.springframework.org/schema/beans/spring-beans-3.2.xsd
		http://www.springframework.org/schema/context  http://www.springframework.org/schema/context/spring-context-3.2.xsd"
	default-lazy-init="true">

	<description>Jedis Configuration</description>

	<!-- 加载配置属性文件 -->
	<context:property-placeholder ignore-unresolvable="true" location="classpath:application.properties" />


	<!-- 加载配置属性文件 -->
	<bean id="jedisPoolConfig" class="redis.clients.jedis.JedisPoolConfig">
		<property name="maxTotal" value="60000" /> <!-- 控制一个pool可分配多少个jedis实例 -->
		<property name="maxIdle" value="300" /> <!-- 控制一个pool最多有多少个状态为idle(空闲)的jedis实例 -->
		<property name="maxWaitMillis" value="5000" /><!-- 表示当borrow一个jedis实例时，最大的等待时间，如果超过等待时间，则直接抛出JedisConnectionException --> 
		<property name="testOnBorrow" value="true" /><!-- 在borrow一个jedis实例时，是否提前进行validate操作；如果为true，则得到的jedis实例均是可用的 --> 
	</bean>
	
	<bean id="jedisPool" class="redis.clients.jedis.JedisPool">
		<constructor-arg index="0" ref="jedisPoolConfig" />
		<constructor-arg index="1" value="${redis.host}" />
		<constructor-arg index="2" value="${redis.port}" type="int" />
		<constructor-arg index="3" value="5000" type="int"/><!-- 连接超时时间,毫秒级别 -->
	</bean>
	
</beans>