<?xml version="1.0" encoding="UTF-8"?>
<beans xmlns="http://www.springframework.org/schema/beans"
       xmlns:xsi="http://www.w3.org/2001/XMLSchema-instance"
       xmlns:context="http://www.springframework.org/schema/context"
       xmlns:redisson="http://redisson.org/schema/redisson"
       xsi:schemaLocation="http://www.springframework.org/schema/beans
       http://www.springframework.org/schema/beans/spring-beans.xsd
       http://www.springframework.org/schema/context
       http://www.springframework.org/schema/context/spring-context.xsd
       http://redisson.org/schema/redisson
       http://redisson.org/schema/redisson/redisson.xsd">
       
    <!-- redis单台机器配置 -->
    <redisson:client id="redissonClient">
        <!--<redisson:single-server address="127.0.0.1:6379" password="root" connection-pool-size="30"/>-->
        <redisson:single-server address="redis://${redis.host}:${redis.port}" connection-pool-size="30"/>
    </redisson:client>


     <!-- redis集群配置 -->
     <!--<redisson:client id="redissonClient" >-->
        <!--<redisson:cluster-servers -->
             <!--scan-interval="10000"  -->
             <!--password="${redis.password}">   &lt;!&ndash; //scan-interval:集群状态扫描间隔时间，单位是毫秒 &ndash;&gt;-->
        	<!--<redisson:node-address value="${node1.url}"></redisson:node-address>-->
        	<!--<redisson:node-address value="${node2.url}"></redisson:node-address>-->
        	<!--<redisson:node-address value="${node3.url}"></redisson:node-address>-->
        	<!--<redisson:node-address value="${node4.url}"></redisson:node-address>-->
        	<!--<redisson:node-address value="${node5.url}"></redisson:node-address>-->
        	<!--<redisson:node-address value="${node6.url}"></redisson:node-address>-->
        <!--</redisson:cluster-servers>-->
    <!--</redisson:client>-->
    
</beans>
