<?xml version="1.0" encoding="UTF-8" ?>
<!DOCTYPE mapper PUBLIC "-//mybatis.org//DTD Mapper 3.0//EN" "http://mybatis.org/dtd/mybatis-3-mapper.dtd" >
<mapper namespace="com.oschain.fastchaindb.system.dao.AuthoritiesMapper">

    <select id="listByUserId" resultType="com.oschain.fastchaindb.system.model.Authorities">
      select * from sys_authorities where authority_id in (
          select authority_id from sys_role_authorities where role_id in (
            select role_id from sys_user_role where user_id = #{userId}
          )
      ) order by order_number asc
    </select>

    <select id="listByRoleIds" resultType="com.oschain.fastchaindb.system.model.Authorities">
        select * from sys_authorities where authority_id in (
        select authority_id from sys_role_authorities where role_id in (
        <foreach collection="roleIds" separator="," item="roleId">
            #{roleId}
        </foreach>
        )
        )
    </select>

    <select id="listByRoleId" resultType="com.oschain.fastchaindb.system.model.Authorities">
        select * from sys_authorities where authority_id in (
          select authority_id from sys_role_authorities where role_id = #{roleId}
        )
    </select>
</mapper>