<?xml version="1.0" encoding="UTF-8" ?>
<!DOCTYPE mapper PUBLIC "-//mybatis.org//DTD Mapper 3.0//EN" "http://mybatis.org/dtd/mybatis-3-mapper.dtd" >
<mapper namespace="com.oschain.fastchaindb.system.dao.DownloadRecordMapper">

    <select id="listFull" resultType="com.oschain.fastchaindb.system.model.DownloadRecord">
        SELECT a.*,b.nick_name,b.username
        FROM sys_download_record a
        left join sys_user b on a.user_id=b.user_id
        <where>
            <if test="startDate != null">
                AND a.download_time&gt;=#{startDate}
            </if>
            <if test="endDate != null">
                AND a.download_time&lt;=#{endDate}
            </if>
            <if test="account != null">
                AND b.username=#{account}
            </if>
        </where>
        ORDER BY a.download_time DESC
    </select>

    <select id="getDownloadTotal" resultType="Integer">
        SELECT COUNT(*) FROM sys_download_record
    </select>

    <select id="sumPastDownloadRecord" resultType="com.oschain.fastchaindb.system.model.Console">
        select v.month,ifnull(b.count,0)  count from (
                                                 SELECT DATE_FORMAT(CURDATE(), '%Y-%m') AS 'month'
                                                 UNION SELECT DATE_FORMAT((CURDATE() - INTERVAL 1 MONTH), '%Y-%m') AS 'month'
                                                 UNION SELECT DATE_FORMAT((CURDATE() - INTERVAL 2 MONTH), '%Y-%m') AS 'month'
                                                 UNION SELECT DATE_FORMAT((CURDATE() - INTERVAL 3 MONTH), '%Y-%m') AS 'month'
                                                 UNION SELECT DATE_FORMAT((CURDATE() - INTERVAL 4 MONTH), '%Y-%m') AS 'month'
                                                 UNION SELECT DATE_FORMAT((CURDATE() - INTERVAL 5 MONTH), '%Y-%m') AS 'month'
                                                 UNION SELECT DATE_FORMAT((CURDATE() - INTERVAL 6 MONTH), '%Y-%m') AS 'month'
                                                 UNION SELECT DATE_FORMAT((CURDATE() - INTERVAL 7 MONTH), '%Y-%m') AS 'month'
                                                 UNION SELECT DATE_FORMAT((CURDATE() - INTERVAL 8 MONTH), '%Y-%m') AS 'month'
                                                 UNION SELECT DATE_FORMAT((CURDATE() - INTERVAL 9 MONTH), '%Y-%m') AS 'month'
                                                 UNION SELECT DATE_FORMAT((CURDATE() - INTERVAL 10 MONTH), '%Y-%m') AS 'month'
                                                 UNION SELECT DATE_FORMAT((CURDATE() - INTERVAL 11 MONTH), '%Y-%m') AS 'month'
                                             ) v
                                                 left join
                                             (select
                                                  left(download_time,7) as 'month',count(*) as count
                                              from sys_download_record as a
                                              where DATE_FORMAT(a.download_time,'%Y-%m')>
                                                    DATE_FORMAT(date_sub(curdate(), interval 12 month),'%Y-%m')
                                              GROUP BY month
                                             )b
                                             on v.month = b.month group by v.month
    </select>

</mapper>