<?xml version="1.0" encoding="UTF-8" ?>
<!DOCTYPE mapper PUBLIC "-//mybatis.org//DTD Mapper 3.0//EN" "http://mybatis.org/dtd/mybatis-3-mapper.dtd" >
<mapper namespace="com.oschain.fastchaindb.system.dao.HomeMapper">

    <select id="sumUserNum" resultType="Integer">
        select count(*) from sys_user
    </select>


    <select id="sumFileNum" resultType="Integer">
        select count(*) from cert_file
        where delete_flag =0
    </select>

    <select id="certInfo" resultType="com.oschain.fastchaindb.system.model.CertCheck">
        select id,transaction_id from cert_file
        where file_hash = #{filehash}
    </select>

    <select id="certInfobyId" resultType="com.oschain.fastchaindb.system.model.CertCheck">
        select id from cert_file
        where file_id = #{fileid}
    </select>

    <select id="username" resultType="String">
        select create_user from cert_file
        where id = #{fileid}
    </select>

</mapper>